Time (minutes),Cumulative Cost
0,509.975375081695
1,1019.9990760996782
2,1560.587495882429
3,2075.970259290554
4,2592.6160058998835
5,3107.140377381652
6,3638.4359231394264
7,4161.446378327871
8,4703.8255276074615
9,5209.6624517784985
10,5758.743680610775
11,6310.104092869407
12,6832.521175135696
13,7376.88600906793
14,7897.461804737131
15,8408.286587179033
16,8936.847748031867
17,9433.168836227145
18,9953.667189284044
19,10471.478676009292
20,10996.45150633753
21,11516.8605166288
22,12040.821521175956
23,12573.639981573651
24,13111.44777335427
25,13606.977273317898
26,14128.87546899615
27,14661.210142856457
28,15190.188087954995
29,15696.01149871099
30,16234.195555387114
31,16759.118045935422
32,17264.82464638444
33,17767.980768829435
34,18287.35985768168
35,18827.844976727356
36,19339.19907526723
37,19842.013481516933
38,20385.07735423433
39,20885.40912998844
40,21431.9619233758
41,21953.66445084413
42,22502.381848032685
43,23014.213451754316
44,23534.9491301283
45,24045.296240685897
46,24559.39598973641
47,25056.553631616247
48,25557.71126233047
49,26076.376949174606
50,26619.95108901423
51,27153.62710199603
52,27687.21883698995
53,28193.36753456411
54,28722.459090408967
55,29242.462180947827
56,29758.816700167303
57,30273.314993576285
58,30809.397867276908
59,31345.95247752856
60,31853.302353472827
61,32370.112825667726
62,32906.40333610558
63,33421.88066861931
64,33961.04355323734
65,34502.71613699164
66,35020.186855908
67,35569.06216861214
68,36114.26136738555
69,36646.50988218241
70,37159.17570734759
71,37692.15326658644
72,38216.203390975796
73,38753.58206065762
74,39313.94089122863
75,39835.31788485928
76,40352.48151953211
77,40866.1660862407
78,41379.64542576555
79,41922.04331320189
80,42433.200676241126
81,42950.5971825647
82,43477.31607723198
83,43995.1999279319
84,44543.122928230885
85,45056.4982490473
86,45579.03033806301
87,46120.904492458525
88,46645.114033084574
89,47165.67197897102
90,47727.77564856627
91,48247.46166092201
92,48796.5525737998
93,49316.056803172134
94,49848.88547236537
95,50394.57248249269
96,50912.05530231801
97,51455.70031265282
98,51962.15134791311
99,52520.75046281123
100,53055.31677262041
101,53596.919377059945
102,54122.31710535166
103,54636.97075098372
104,55159.29715389525
105,55685.025968272865
106,56238.96935766397
107,56775.17359528753
108,57321.869905904394
109,57864.10142084865
110,58406.55577837198
111,58948.43477231927
112,59472.68793724326
113,60013.16226370516
114,60553.294256060515
115,61051.54448188547
116,61565.73725753911
117,62089.44336282986
118,62620.97937710645
119,63160.964916733596
120,63719.94035571844
121,64243.94909731745
122,64808.49928672977
123,65353.94470149243
124,65876.74760807713
125,66412.36269091746
126,66974.63902374607
127,67492.38999805518
128,68036.00543197857
129,68605.12294882587
130,69147.5652653338
131,69723.68364781133
132,70252.14646111512
133,70804.1707218384
134,71362.19576193926
135,71898.21273214747
136,72459.68526198866
137,72999.93798612223
138,73535.1751403665
139,74070.04170248396
140,74641.67718842403
141,75196.64771125163
142,75731.97377299107
143,76274.95639591297
144,76853.52999804243
145,77393.30758990873
146,77919.98721857615
147,78498.23868323523
148,79070.39484415985
149,79618.04708573282
150,80154.68638214585
151,80704.3070632557
152,81278.29926521778
153,81817.19821152954
154,82384.3909928012
155,82938.23107214992
156,83488.80284289806
157,84041.88735410632
158,84585.68298122658
159,85122.28585200416
160,85697.28001313379
161,86254.78660964509
162,86813.40538586413
163,87385.66187370423
164,87939.09649271317
165,88476.97150955597
166,89006.95337225056
167,89508.76975957041
168,90035.52846338136
169,90564.13256747824
170,91085.1753134811
171,91585.27518002955
172,92099.5173326916
173,92627.743953811
174,93137.27316197728
175,93637.2003726555
176,94158.48386286874
177,94681.10121842369
178,95208.14941010381
179,95754.07253324304
180,96297.26552512714
181,96857.85568684038
182,97385.26204161959
183,97904.50317252525
184,98452.81763420881
185,98991.88070568268
186,99540.46302925792
187,100094.28027151653
188,100631.76257370076
189,101193.64570435624
190,101751.42409574318
191,102326.70953622536
192,102856.51011712728
193,103431.57596537903
194,103979.48531981627
195,104526.68084569152
196,105039.01260006482
197,105604.20493180776
198,106158.8139349627
199,106687.10083594032
200,107226.85564115777
201,107772.43066881262
202,108347.94637873892
203,108891.02465382479
204,109460.43121116924
205,109990.67313629546
206,110558.30757784512
207,111103.98973565029
208,111656.86048721714
209,112223.39760478005
210,112763.88249721646
211,113320.42367900662
212,113876.18472826504
213,114429.27183156282
214,114985.28571151073
215,115559.49586592698
216,116134.23942511239
217,116751.93703148077
218,117391.15667329848
219,117998.60359977347
220,118600.32020588311
221,119187.1083945907
222,119791.81796065003
223,120382.86281051117
224,121009.10940307248
225,121661.12014901094
226,122286.02716915932
227,122883.67335870126
228,123522.80822283194
229,124128.72243328666
230,124754.65416341425
231,125402.81122129707
232,126023.05427135163
233,126622.59746122385
234,127240.91598978659
235,127843.48223908087
236,128444.11448622045
237,129057.6719293012
238,129680.16297413042
239,130300.38232026719
240,130900.32136026696
241,131498.82364517986
242,132134.16818659074
243,132737.66976925745
244,133342.88019875422
245,133932.7920020526
246,134542.49175414103
247,135146.64866394547
248,135745.8867902045
249,136360.36073024228
250,136977.8471585138
251,137605.7966264216
252,138232.72203625322
253,138860.22568005213
254,139448.73458932352
255,140082.65014523483
256,140685.05974574675
257,141310.21394696156
258,141934.8354083666
259,142565.96965156356
260,143185.80735209034
261,143796.92867954675
262,144412.99083390465
263,145003.48308389902
264,145647.42559668113
265,146270.95535175016
266,146933.75362033318
267,147557.28534642508
268,148162.70520790401
269,148758.93238569453
270,149384.70582751025
271,149989.68807930767
272,150612.68653831873
273,151251.1833901099
274,151845.53673599882
275,152486.72637149232
276,153158.76721361955
277,153801.3110209317
278,154514.10858617205
279,155213.20705961535
280,155921.73618896317
281,158624.80093379226
282,161554.94649147594
283,164025.66755547706
284,166775.07064421603
285,169806.30695615098
286,172834.3874635763
287,175448.54176987748
288,178134.5213702646
289,180835.2735407539
290,183593.06953788546
291,186470.93489956742
292,189473.0987098118
293,192316.30622679347
294,195191.54212217152
295,197801.35303661152
296,200494.27337248717
297,203327.8104146962
298,205937.2148095675
299,208712.62867921218
300,211787.08769686433
301,214615.39525068123
302,217663.09056352166
303,220700.22225731352
304,223616.13942835634
305,226541.8917903363
306,229533.15593018496
307,232578.56988062116
308,235373.31582107552
309,238269.52105604764
310,240978.1620914922
311,243653.9416688299
312,246134.91816806165
313,248866.59409081808
314,251994.26955104162
315,254842.77630618235
316,257590.61358287185
317,260437.08739775416
318,263330.3057967872
319,265889.96416172694
320,268748.38335942436
321,272141.78545691347
322,274789.2953851345
323,277653.64996183943
324,280443.359057745
325,281147.6747761213
326,281820.6469506158
327,282484.6397784366
328,283193.9551529495
329,283866.62469802395
330,284512.7753549085
331,285157.8238660351
332,285834.5158060914
333,286499.6126148485
334,287166.43401458865
335,287746.8592446893
336,288353.5865813997
337,288940.0919737836
338,289544.22385119856
339,290138.56140257476
340,290732.4327086751
341,291311.4799183907
342,291936.7687337451
343,292522.7092021984
344,293134.34520525136
345,293701.26239318977
346,294255.5124281685
347,294823.6652281217
348,295418.4218401451
349,296064.3863457088
350,296713.9805999121
351,297401.3338595659
352,298096.4982363488
353,298778.08906532684
354,299445.589550398
355,300103.56135119055
356,300767.4449850537
357,301439.2634378027
358,302032.35602080275
359,302609.5813412267
360,303211.6581463193
361,303845.3165275837
362,304446.91882440087
363,305053.95090378774
364,305672.8648061625
365,306309.5888466024
366,306927.2944818264
367,307551.3255700088
368,308127.94783916447
369,308750.73879423115
370,309392.123060118
371,310010.50602418295
372,310601.69062114105
373,311222.4666228265
374,311822.16677520867
375,312428.5379374794
376,313061.3720348893
377,313662.66523505945
378,314268.4069636117
379,314876.65879115515
380,315465.5971427385
381,316060.31469581294
382,316698.4984622908
383,317331.8615839526
384,317961.2674609916
385,318572.9526375032
386,319165.4982531157
387,319760.483897859
388,320387.2547026784
389,320999.2675359609
390,321616.14528740477
391,322219.56200118025
392,322877.41330513224
393,323483.3687481243
394,324122.8925156135
395,324713.2383103131
396,325287.245054995
397,325847.2071376938
398,326414.96619451087
399,326987.02525577415
400,327552.85315241653
401,328107.19459451066
402,328686.41611095826
403,329230.86662416
404,329802.01065582933
405,330345.15451986046
406,330905.38169720134
407,331480.75869288814
408,332052.25052108755
409,332616.09365552745
410,333162.2012784183
411,333701.62978121045
412,334254.96638423344
413,334804.3714511841
414,335361.1202456951
415,335942.0735337167
416,336489.14726963744
417,337058.80862244585
418,337621.02208985767
419,338180.9096132934
420,338714.62377246935
421,339267.9682960699
422,339843.1013990817
423,340409.77550844534
424,340960.3762873869
425,341547.8437981695
426,342082.9407308086
427,342614.58616992884
428,343186.2297917077
429,343732.7780639989
430,344283.39191545383
431,344838.68233557366
432,345389.84055086115
433,345961.8097725743
434,346508.6293199733
435,347073.90917642484
436,347646.7113552535
437,348193.57716868
438,348736.5525439328
439,349298.887570373
440,349848.8130502294
441,350412.2996852763
442,350981.1274911291
443,351537.4976609372
444,352091.4901629514
445,352644.4485951767
446,353198.2741231599
447,353765.794534726
448,354309.71083771694
449,354854.7871371331
450,355413.2766418819
451,355954.28661838046
452,356496.4988780551
453,357055.6440638612
454,357614.25915411767
455,358159.8981878349
456,358729.41176042927
457,359289.173233951
458,359866.86471238
459,360402.8865709702
460,360946.9929306399
461,361513.05418928503
462,362073.87859022256
463,362614.01695559936
464,363148.82879013626
465,363720.2074333135
466,364295.0400867459
467,364830.253613389
468,365388.3942720336
469,365944.6316078569
470,366511.71136516833
471,367051.7854188815
472,367630.6184909832
473,368181.8097611319
474,368755.19685517944
475,369296.48641826474
476,369863.99801767874
477,370391.7598392146
478,371004.2435158099
479,371608.09172377695
480,372215.4686300028
481,372795.6731623123
482,373388.3114787027
483,373958.46986822423
484,374607.1238463545
485,375224.1990514495
486,375847.41312802787
487,376487.27410158166
488,377144.47987440904
489,377761.4558253134
490,378396.02116313716
491,379078.5952379395
492,379735.50741046044
493,380399.914105773
494,381064.9818570578
495,381742.47699953214
496,382405.048010784
497,383025.7459891785
498,383629.91611720424
499,384279.75962656323
500,384952.74869414803
501,385611.81258893287
502,386238.90112168895
503,386871.7724131874
504,387475.1689784787
505,388109.6271154377
506,388731.3255568216
507,389363.70649771433
508,389984.0899569093
509,390613.443197485
510,391258.09483492584
511,391890.09566948225
512,392535.4559417633
513,393167.25780795334
514,393842.62712270557
515,394471.96851271734
516,395097.7530222033
517,395727.3467783254
518,396346.3241500218
519,396963.2107812914
520,397596.37481542927
521,398233.29790575325
522,398870.0159082656
523,399524.5188536036
524,400160.3865652234
525,400840.41696061584
526,401507.8099135404
527,402149.12336587405
528,402803.2459590192
529,403433.37096394657
530,404010.7909669543
531,404588.06135308085
532,405169.856133736
533,405746.0368169573
534,406355.12139910075
535,406938.8846272699
536,407501.1772716342
537,408055.31810498337
538,408617.91523420485
539,409192.13859977695
540,409770.5901655373
541,410320.3340868073
542,410880.28221453936
543,411450.8756794076
544,412017.78526323795
545,412558.6371344704
546,413079.67560484
547,413614.64725375315
548,414182.27711627743
549,414741.4786253692
550,415294.5554062636
551,415840.72302928683
552,416417.41395261907
553,416951.97682039195
554,417495.50322870887
555,418073.979248389
556,418612.7703326954
557,419185.8517660473
558,419766.0213415196
559,420356.6398879248
560,420942.1693558593
561,421521.6351207165
562,422087.10821998137
563,422718.72846675134
564,423369.3713697291
565,423976.21442238765
566,424595.573913469
567,425245.2911573559
568,425839.1192061033
569,426481.7696474401
570,427120.9157169061
571,427777.0619515067
572,428443.38490542845
573,429099.47565242404
574,429745.36421171215
575,430400.95281685237
576,431051.2454846531
577,431678.89791785186
578,432317.86066196056
579,432964.9268506556
580,433579.6764817812
581,434215.4395633343
582,434844.56869010953
583,435508.03367870377
584,436168.43370979186
585,436771.5990506091
586,437423.54082459037
587,438064.68685864256
588,438738.568002316
589,439385.18615223654
590,440036.32582703384
591,440662.90211567056
592,441276.56462604826
593,441905.07017023844
594,442514.73435015226
595,443131.7892506519
596,443751.3087907325
597,446297.79144926975
598,446992.4123056383
599,447734.98000931833
600,448424.8567171543
601,448976.87505449343
602,449501.5259190981
603,450048.01493396756
604,450634.944026588
605,451234.18999612075
606,451802.1352845205
607,452386.2249103042
608,452954.77285824326
609,453525.5677736
610,454090.76205402566
611,454660.5370589133
612,455258.44047380204
613,455836.98444975837
614,456407.18729152204
615,457022.1880307832
616,457624.47240986564
617,458245.77426268527
618,458855.2759190701
619,459493.36838054267
620,460102.88885057706
621,460699.1431364352
622,461241.43565117894
623,461794.86919372046
624,462333.53174788045
625,462918.86174013757
626,463455.98023651756
627,464003.2523077694
628,464555.52225053305
629,465122.19128700136
630,465639.53866732283
631,466179.6084875093
632,466713.91151647805
633,467267.90685383463
634,467815.84832262795
635,468332.92598030216
636,468866.76970881235
637,469422.34085049503
638,469972.2917155457
639,470488.38525527477
640,471010.8136405476
641,471529.0428417593
642,472091.32693952
643,472601.2277420697
644,473149.7997328802
645,473669.8506846248
646,474239.7465398981
647,474786.0810557324
648,475303.02663432003
649,475822.69547454914
650,476350.77897521
651,476899.12695869803
652,477444.0796500917
653,477976.3339740064
654,478517.3564430941
655,479057.8522339458
656,479587.48665333557
657,480140.151549733
658,480690.635020105
659,481247.0110734062
660,481772.2929914829
661,482308.7777545447
662,482849.1658408444
663,483361.49275332363
664,483882.97569385957
665,484396.36605085846
666,484926.6405086013
667,485479.31269905285
668,485999.6370798154
669,486514.0124649868
670,487025.7943608945
671,487559.65059316583
672,488088.24501033896
673,488640.3397304706
674,489127.44489803974
675,489631.88629463897
676,490116.02047596953
677,490592.8438727837
678,491106.42287648807
679,491629.5726109865
680,492142.107297208
681,492644.6936148303
682,493164.3154409457
683,493654.75432780315
684,494148.3203906258
685,494645.71213522163
686,495150.4161827118
687,495637.0989413924
688,496121.09668606805
689,496624.3322300034
690,497100.2008537142
691,497607.80508592486
692,498135.5847603498
693,498636.76429090544
694,499137.5201431451
695,499615.2166799694
696,500111.0093723092
697,500591.22658912616
698,501115.52222956123
699,501592.9731499453
700,502105.26251572126
701,502586.9084156155
702,503099.83154490107
703,503580.8628013434
704,504088.6166686397
705,504586.77125956136
706,505088.880582045
707,505594.76389860484
708,506106.2490878001
709,506628.15633539465
710,507132.39146470785
711,507641.05324460403
712,508170.4432809709
713,508684.98016914533
714,509212.2846248381
715,509718.9989670716
716,510233.71377104404
717,510736.7706851374
718,511220.23289617035
719,511711.9111311329
720,512189.9022091497
721,512672.7332507468
722,513178.8503086804
723,513668.1371502007
724,514159.19902177004
725,514638.65862479457
726,515132.6573161571
727,515634.03831840015
728,516121.5294117985
729,516639.13066045585
730,517180.28024956916
731,517734.54059528443
732,518318.6532545822
733,518900.0707384822
734,519480.6545936812
735,520049.320833296
736,520619.3404158676
737,521182.74472015013
738,521769.04714761523
739,522357.3212784159
740,522936.587537462
741,523537.6181543114
742,524145.4448515211
743,524733.4034705937
744,525324.2229170351
745,525891.3934924405
746,526445.7722691721
747,527036.2090820058
748,527609.3385030224
749,528200.3749674184
750,528765.5660631128
751,529309.2742990808
752,529879.8558172504
753,530430.0213235194
754,530980.1235757497
755,531545.7739955832
756,532128.8240295056
757,532709.5814117435
758,533293.233591269
759,533867.9808656777
760,534404.4790660893
761,534963.2356662682
762,535527.313668366
763,536087.2214218698
764,536635.200300591
765,537229.851806312
766,537827.4039671923
767,538417.0156071552
768,539007.0521274074
769,539592.6598040817
770,540192.8042458991
771,540749.774790287
772,541332.0103835074
773,541921.0177640454
774,542492.9280869968
775,543088.2139029278
776,543678.0843709494
777,544274.8182442918
778,544861.0772484302
779,545424.6558952213
780,545956.7814413697
781,546515.6532751333
782,547082.7747087295
783,547646.1901007257
784,548223.3396062646
785,548797.5520890149
786,549370.5942803697
787,549946.8432859674
788,550526.2448664486
789,551099.578128654
790,551694.9014806568
791,552222.9686063979
792,552719.7598824911
793,553256.603530525
794,553786.0321780093
795,554305.9526017541
796,554810.4623613722
797,555328.79997789
798,555857.0709420434
799,556351.9522142446
800,556859.3727521556
801,557392.0801427255
802,557897.4128020433
803,558417.6446131212
804,558911.4726986226
805,559451.6083903095
806,559975.5889501311
807,560493.4164436017
808,561016.7391160404
809,561503.5715797907
810,562000.51258662
811,562506.4226968742
812,563007.8205617663
813,563540.0253431587
814,564087.4451982582
815,564658.5002509123
816,565236.9095113633
817,565784.8019724282
818,566325.8284634413
819,566872.583583079
820,567443.3479588968
821,568002.0223591984
822,568495.5047195444
823,569011.2842875028
824,569547.9728524678
825,570075.6406376887
826,570616.0651397557
827,571126.7552380713
828,571628.8802373293
829,572116.104452013
830,572619.5142924829
831,573124.64170765
832,573641.1877659207
833,574130.373165957
834,574633.3930746998
835,575137.4346687446
836,575684.5619617229
837,576255.6694357195
838,576798.2228829507
839,577377.3325985958
840,577929.0489320627
841,578497.8559353449
842,579066.3499024401
843,579616.2315909644
844,580181.5822209918
845,580761.4957520027
846,581318.0861179079
847,581906.3105974531
848,582451.246410137
849,583030.2251161783
850,583579.7788430228
851,584130.125859142
852,584697.2363774912
853,585231.4282794668
854,585847.8724260618
855,586401.6647774724
856,586940.1957281441
857,587525.4863965717
858,588110.7256284949
859,588655.3155031202
860,589249.8866839192
861,589812.6098997385
862,590389.4952483851
863,590932.7694766015
864,591484.1337663317
865,592029.1921211077
866,592574.2646438425
867,593123.689516366
868,593676.8146779466
869,594229.7863767926
870,594791.4076502179
871,595348.0378933492
872,595939.6587942833
873,596512.4118272845
874,597085.2706466265
875,597666.2358062284
876,598237.6415909993
877,598841.1767527102
878,599416.9616078094
879,599963.12804252
880,600558.7784601715
881,601136.7788494498
882,601713.5037524564
883,602272.5440858181
884,602824.0901285673
885,603384.6078757285
886,603954.9381672022
887,604523.2479958195
888,605090.7569500098
889,605642.2845549379
890,606189.449809474
891,606752.5748376393
892,607312.784278696
893,607853.4254356828
894,608406.7270034383
895,608973.8608041122
896,609536.8828779184
897,610135.6035167028
898,610734.1175964428
899,611282.0713127631
900,611872.3919818505
901,612468.6449371717
902,613024.6217725126
903,613692.0727562939
904,614317.5793879458
905,615003.5711281933
906,615676.0637134606
907,616284.3769758717
908,616978.941014673
909,617619.946792038
910,618286.4596420219
911,618947.8223017758
912,619569.0502174251
913,620238.9599340891
914,620878.2782286692
915,621528.3852968941
916,622165.2384729641
917,622792.0183366376
918,623477.5513643117
919,624135.9749911354
920,624745.5577991236
921,625377.629227419
922,626022.9448997
923,626587.2851154623
924,627157.5978581383
925,627720.0349297802
926,628271.6923352116
927,628854.338289266
928,629405.9366358784
929,629896.2074712726
930,630407.5454239895
931,630901.3983970257
932,631400.7049402551
933,631924.2003049791
934,632444.7881573084
935,632954.9459794984
936,633488.4622002124
937,633992.699988475
938,634506.689060864
939,635036.4093093912
940,635554.5127653892
941,636045.8048042881
942,636526.4755677732
943,637051.3869235675
944,637579.5404248744
945,638105.6537592644
946,638602.4728544959
947,639100.0956895297
948,639617.2384929043
949,640153.2002245975
950,640675.4296795243
951,641195.5628779763
952,641700.2470363849
953,642278.3819108641
954,642842.3904114112
955,643451.434244585
956,644082.8299291168
957,644710.2820470602
958,645333.5754886452
959,645925.4245844918
960,646512.3601380305
961,647076.653652426
962,647598.1406011776
963,648194.6634882865
964,648796.2739184398
965,649376.1311053798
966,649930.9370197946
967,650524.1532664725
968,651118.1146471555
969,651720.1022658559
970,652287.1704438059
971,652844.5038813438
972,653412.2599112291
973,653977.9985339526
974,654546.4190828212
975,655143.1081570206
976,655773.598337452
977,656332.2341764262
978,656930.0184210573
979,657519.5110366285
980,658099.7529853635
981,658712.3096838236
982,659328.7475327349
983,659950.657952232
984,660541.2755338991
985,661126.555430976
986,661724.1339229491
987,662322.7780313771
988,662910.207271735
989,663498.8883212637
990,664069.9311467601
991,664650.8543162396
992,665221.5888847027
993,665799.9664951962
994,666356.9925087589
995,666953.6594671509
996,667518.8072226492
997,668102.83052399
998,668687.3194264347
999,669175.7477551289
1000,669664.6818344299
1001,670162.7764880168
1002,670656.5248810922
1003,671162.2299770657
1004,671656.7268649347
1005,672184.8604907341
1006,672685.4867239583
1007,673182.8926668277
1008,673687.3892503964
1009,674178.8552166955
1010,674671.868981657
1011,675179.104042999
1012,675705.7766324886
1013,676218.1840467221
1014,676710.3476780475
1015,677199.162160306
1016,677723.0361873625
1017,678259.183052776
1018,678816.4389198767
1019,679371.9174002593
1020,679937.1152447993
1021,680516.6686580234
1022,681092.6922243853
1023,681658.4850395792
1024,682184.3488897276
1025,682719.0143798321
1026,683276.1006511415
1027,683803.3242443185
1028,684370.7528770355
1029,684930.1441035096
1030,685486.4278382611
1031,686073.700422395
1032,686610.2958310979
1033,687155.6407502284
1034,687701.9497187883
1035,688270.911060675
1036,688792.8315463001
1037,689376.5044947305
1038,689921.2349048549
1039,690497.2656762581
1040,691076.3301706709
1041,691643.0050246578
1042,692234.381960723
1043,692796.9725796613
1044,693348.8669646293
1045,693880.290520826
1046,694430.4774464224
1047,694980.7094989645
1048,695579.2700724453
1049,696136.6551796867
1050,696706.6433339338
1051,697279.9431516877
1052,697865.3351855882
1053,698432.1676020438
1054,699000.5063676251
1055,699569.4082140318
1056,700159.1515951718
1057,700734.4023277727
1058,701269.9872237007
1059,701839.1478069902
1060,702390.9148592787
1061,702943.8994806734
1062,703505.1066365349
1063,704068.9737237449
1064,704653.9537674472
1065,705208.4404393547
1066,705760.8613896521
1067,706362.2628721003
1068,706898.7508178285
1069,707467.967386402
1070,708002.141673329
1071,708513.206161191
1072,709038.1493642807
1073,709532.6112241418
1074,710057.0441549825
1075,710589.1382973521
1076,711123.4558216403
1077,711611.1108760324
1078,712090.0463670162
1079,712590.0164968027
1080,713084.7872566062
1081,713598.5589533282
1082,714079.7488334398
1083,714589.7414981121
1084,715078.3370151618
1085,715587.345688504
1086,716096.9636426861
1087,716626.9457767729
1088,717171.4140854162
1089,717731.6680642739
1090,718261.7128391507
1091,718785.0818225448
1092,719326.5902777541
1093,719827.3449660913
1094,720335.3517472058
1095,720842.9229866368
1096,721381.6001455231
1097,721914.8748798632
1098,722448.4869143292
1099,722998.8880760274
1100,723533.5257777802
1101,724064.5241116768
1102,724585.8892192115
1103,725106.6217979122
1104,725642.4192731284
1105,726176.8247918299
1106,726677.2629325796
1107,727174.271826364
1108,727716.5352630375
1109,728241.2245542719
1110,728757.8626225126
1111,729274.388447359
1112,729855.8207438673
1113,730394.7887163184
1114,730947.0507483432
1115,731518.4092948285
1116,732088.8466201366
1117,732681.4167492158
1118,733253.1079500237
1119,733848.3179822343
1120,734392.8566969071
1121,734935.7825136624
1122,735480.2179240988
1123,736048.414936617
1124,736639.6233060898
1125,737212.2929786722
1126,737771.9551098194
1127,738315.9357741852
1128,738885.992772427
1129,739450.686491507
1130,740087.3970813348
1131,740751.9502279301
1132,741402.0704778415
1133,742032.0451221102
1134,742699.5014506016
1135,743340.7628057634
1136,743964.183892625
1137,744628.4736413182
1138,745270.4326681197
1139,745942.525663186
1140,746659.894118118
1141,747315.4266768098
1142,747977.5122460942
1143,748607.1339428596
1144,753309.4821615906
1145,756458.8125555087
1146,760079.9610481496
1147,763846.6687646607
1148,767506.4264231175
1149,770841.462006619
1150,774155.2183875375
1151,778093.931320248
1152,782260.4130986112
1153,785750.1363653352
1154,789338.5142749043
1155,793154.9868600469
1156,797211.9282519947
1157,800530.3305273826
1158,803761.7957186083
1159,806964.6337068774
1160,810322.5205937908
1161,813781.2211130774
1162,817690.2171895623
1163,821224.6998268648
1164,824923.2658376526
1165,828211.6453588129
1166,831471.9494077269
1167,834659.558825124
1168,837688.8168825565
1169,841150.0745764925
1170,844821.7522056575
1171,845555.0152100788
1172,848001.5919426676
1173,848697.3380042124
1174,849410.4842559686
1175,850115.5496109586
1176,850858.5973272381
1177,851587.8998914318
1178,852276.6325249566
1179,854650.4914568462
1180,855259.3894414268
1181,855892.6832972019
1182,856526.4365189263
1183,857137.527651316
1184,857749.6303918012
1185,858376.861974599
1186,859029.1827058906
1187,859630.1546333435
1188,860226.3703045826
1189,860833.4664440642
1190,861395.4615573427
1191,861941.1326223616
1192,862487.6273429798
1193,863044.445139157
1194,863573.3440738227
1195,864123.7881749446
1196,864665.5058901468
1197,865191.6175152926
1198,865749.0507866535
1199,866297.5215147112
1200,866816.968373026
1201,867361.0254445287
1202,867882.0530507104
1203,868417.4462836644
1204,868977.96555329
1205,869485.9207475064
1206,870035.6802772735
1207,870581.5806944227
1208,871109.1924231225
1209,871625.2165897491
1210,872163.8536839786
1211,872701.9592889816
1212,873228.5935721996
1213,873790.2673674426
1214,874386.0909292784
1215,874997.3739119328
1216,875591.0046985358
1217,876186.1050820883
1218,876798.3914834303
1219,877399.5102286247
1220,878023.2920459433
1221,878611.7118630147
1222,879201.7895793703
1223,879777.3336284101
1224,880342.6129023468
1225,880908.0594095136
1226,881513.6546596992
1227,882107.6431111679
1228,882702.2820380816
1229,883283.2808210626
1230,883888.8796038218
1231,884463.265336056
1232,885060.8042767713
1233,885651.6350853598
1234,886263.0496250389
1235,886820.471216537
1236,887415.4938522383
1237,888024.0358839044
1238,888548.9638506238
1239,889105.1224411975
1240,889638.1368960658
1241,890146.0149376796
1242,890678.4565550787
1243,891208.2831051118
1244,891741.1201424208
1245,892287.3891799644
1246,892815.6094895918
1247,893357.9232841841
1248,893896.7174024507
1249,894446.8449773878
1250,894955.5632831858
1251,895492.3107131169
1252,896044.142900568
1253,896590.7898677591
1254,897143.7303350609
1255,897676.1502930503
1256,898186.9722287739
1257,898696.8291807101
1258,899241.9719257926
1259,899760.4816416117
1260,900260.6127709527
1261,900777.1146238188
1262,901309.5561078191
1263,901825.5728379065
1264,902335.9368401474
1265,902838.3365303886
1266,903369.012313522
1267,903901.9600504912
1268,904434.546576809
1269,904960.3813109149
1270,905469.2761673622
1271,906014.9463943201
1272,906535.1330694278
1273,907011.4311506365
1274,907529.2309986375
1275,908026.6279850677
1276,908526.4652738791
1277,909023.4378695531
1278,909524.4632479226
1279,910006.1060419478
1280,910500.6737193
1281,911008.0730256203
1282,911520.0462254706
1283,912006.0559196082
1284,912527.4500942291
1285,913020.5411286639
1286,913542.1378681636
1287,914016.9479657899
1288,914536.4503780492
1289,915051.1574773072
1290,915535.9686337096
1291,916028.1091414975
1292,916573.5730155718
1293,917107.9628338894
1294,917660.5895331086
1295,918204.6365222206
1296,918750.6269969142
1297,919290.904338832
1298,919822.6079314539
1299,920388.8740501454
1300,920961.6724203099
1301,921529.0682772751
1302,922048.4162373836
1303,922563.591208344
1304,923117.9234099115
1305,923676.7833285365
1306,924215.8927584846
1307,924764.4372078626
1308,925323.2804993005
1309,925865.6036574993
1310,926405.8172900995
1311,926965.4303240933
1312,927516.5345472828
1313,928065.9568071312
1314,928585.6564307517
1315,929146.5524781438
1316,929689.1718215182
1317,930218.355061208
1318,930730.6586698475
1319,931277.4662326826
1320,931834.948864947
1321,932360.6217449442
1322,932899.9077201751
1323,933426.9795593556
1324,933948.2054682195
1325,934489.2894590023
1326,935059.4568280223
1327,935610.6599731988
1328,936135.4169674565
1329,936685.9942020335
1330,937213.1504660507
1331,937723.1939321113
1332,938274.4568428312
1333,938807.4768096961
1334,939324.1167652415
1335,939863.656803513
1336,940397.7675000923
1337,940921.3746080907
1338,941391.2908599321
1339,941857.2108320036
1340,942366.6337889971
1341,942837.3747642952
1342,943345.3509609028
1343,943838.2260465192
1344,944339.806786386
1345,944830.9400037039
1346,945323.9439387625
1347,945813.4973850902
1348,946277.9421404491
1349,946776.8923397077
1350,947283.3592436858
1351,947773.6610296424
1352,948282.049935652
1353,948805.997217636
1354,949355.0169055092
1355,949902.3865182669
1356,950423.7924641322
1357,951009.2877640126
1358,951590.3275153652
1359,952170.7683214219
1360,952744.1270632292
1361,953328.202811032
1362,953899.2890158956
1363,954511.4067502448
1364,955068.8506122709
1365,955634.3865936683
1366,956234.9310947086
1367,956775.9115662917
1368,957345.9902059496
1369,957959.5678442636
1370,958528.3029615674
1371,959126.1225076851
1372,959740.699568536
1373,960326.6669229317
1374,960929.1426691858
1375,961528.6779058448
1376,962122.7807247151
1377,962723.9383877176
1378,963311.05029099
1379,963882.6378350513
1380,964513.4173838912
1381,965145.6681248591
1382,965764.6429456101
1383,966347.3562252509
1384,966981.5027824078
1385,967599.325734794
1386,968236.3886627555
1387,968859.309101256
1388,969580.7354292586
1389,972090.4122685143
1390,974631.033948921
1391,977018.249265195
1392,979402.0063882477
1393,981874.9559320095
1394,982559.1576903441
1395,985066.6894640998
1396,987592.2115095053
1397,990149.2503351541
1398,992526.6113560047
1399,993219.0573247069
1400,995737.124559068
1401,998246.4165277443
1402,1000735.2857133176
1403,1001431.736120353
1404,1004008.4075368979
1405,1006342.2580740217
1406,1007027.224004211
1407,1009380.9645117869
1408,1010085.6128545301
1409,1012704.7405873351
1410,1015132.7350385392
1411,1017714.9384056041
1412,1018394.6246747639
1413,1020893.966171082
1414,1023330.1173417412
1415,1025662.1008222434
1416,1026266.5229719155
1417,1026840.8760339762
1418,1027471.3900288093
1419,1028054.4799126353
1420,1028680.7709949232
1421,1029263.7872928964
1422,1029870.2979614696
1423,1030474.8513121159
1424,1031105.5631635888
1425,1031706.7017568271
1426,1032299.6605895187
1427,1032925.4776658505
1428,1033597.3894869726
1429,1034173.4932945096
1430,1034780.7905657762
1431,1035438.2778059029
1432,1036078.9781101856
1433,1036712.1674546694
1434,1037316.0443183794
1435,1037915.5351566423
1436,1038555.6074979644
1437,1039182.0681820032
1438,1039784.7323938076
1439,1040387.8731888992
